{
  "metadata": {
    "algoritmo": "age",
    "problema": "qap",
    "instancia": "tai256c",
    "n": 256,
    "seed": 2
  },
  "resumen": {
    "generaciones_registradas": 4951,
    "evaluaciones_totales": 10000,
    "min_final": 47017836.0,
    "promedio_final": 47040000.12,
    "desv_std_final": 2227.577874194301,
    "mediana_final": 47040224.0,
    "max_final": 47040224.0,
    "mejor_hasta_ahora": 47017836.0,
    "mejor_min_observado": 47017836.0,
    "tiempo_total_s": 2.4329217500053346
  }
}