{
  "metadata": {
    "algoritmo": "age",
    "problema": "qap",
    "instancia": "tai256c",
    "n": 256,
    "seed": 19
  },
  "resumen": {
    "generaciones_registradas": 4951,
    "evaluaciones_totales": 10000,
    "min_final": 46607522.0,
    "promedio_final": 46636722.5,
    "desv_std_final": 26954.40540523942,
    "mediana_final": 46658632.0,
    "max_final": 46663412.0,
    "mejor_hasta_ahora": 46607522.0,
    "mejor_min_observado": 46607522.0,
    "tiempo_total_s": 2.4441747090022545
  }
}