{
  "metadata": {
    "algoritmo": "de",
    "problema": "qap",
    "instancia": "tai256c",
    "n": 256,
    "seed": 18
  },
  "resumen": {
    "generaciones_registradas": 100,
    "evaluaciones_totales": 10000,
    "min_final": 47088208.0,
    "promedio_final": 47999548.52,
    "desv_std_final": 274823.7085807002,
    "mediana_final": 47992174.0,
    "max_final": 48547022.0,
    "mejor_hasta_ahora": 47088208.0,
    "mejor_min_observado": 47088208.0,
    "tiempo_total_s": 2.314979582995875
  }
}