{
  "metadata": {
    "algoritmo": "de",
    "problema": "qap",
    "instancia": "tai256c",
    "n": 256,
    "seed": 4
  },
  "resumen": {
    "generaciones_registradas": 100,
    "evaluaciones_totales": 10000,
    "min_final": 47493618.0,
    "promedio_final": 48124042.5,
    "desv_std_final": 244119.70813457482,
    "mediana_final": 48134729.0,
    "max_final": 48942100.0,
    "mejor_hasta_ahora": 47493618.0,
    "mejor_min_observado": 47493618.0,
    "tiempo_total_s": 2.113869499997236
  }
}