{
  "metadata": {
    "algoritmo": "age",
    "problema": "qap",
    "instancia": "tai256c",
    "n": 256,
    "seed": 9
  },
  "resumen": {
    "generaciones_registradas": 4951,
    "evaluaciones_totales": 10000,
    "min_final": 46851884.0,
    "promedio_final": 46912179.94,
    "desv_std_final": 16557.124026726382,
    "mediana_final": 46917062.0,
    "max_final": 46917062.0,
    "mejor_hasta_ahora": 46851884.0,
    "mejor_min_observado": 46851884.0,
    "tiempo_total_s": 2.4489007079973817
  }
}