{
  "metadata": {
    "algoritmo": "de",
    "problema": "qap",
    "instancia": "tai256c",
    "n": 256,
    "seed": 9
  },
  "resumen": {
    "generaciones_registradas": 100,
    "evaluaciones_totales": 10000,
    "min_final": 47518856.0,
    "promedio_final": 48085733.6,
    "desv_std_final": 201835.1336656728,
    "mediana_final": 48092392.0,
    "max_final": 48553560.0,
    "mejor_hasta_ahora": 47518856.0,
    "mejor_min_observado": 47518856.0,
    "tiempo_total_s": 2.1002899579907535
  }
}