{
  "metadata": {
    "algoritmo": "age",
    "problema": "qap",
    "instancia": "tai256c",
    "n": 256,
    "seed": 5
  },
  "resumen": {
    "generaciones_registradas": 4951,
    "evaluaciones_totales": 10000,
    "min_final": 46411418.0,
    "promedio_final": 46483895.8,
    "desv_std_final": 95226.08049667906,
    "mediana_final": 46411418.0,
    "max_final": 46611674.0,
    "mejor_hasta_ahora": 46411418.0,
    "mejor_min_observado": 46411418.0,
    "tiempo_total_s": 2.434767875005491
  }
}