{
  "metadata": {
    "algoritmo": "de",
    "problema": "qap",
    "instancia": "tai256c",
    "n": 256,
    "seed": 13
  },
  "resumen": {
    "generaciones_registradas": 100,
    "evaluaciones_totales": 10000,
    "min_final": 47869824.0,
    "promedio_final": 48666413.88,
    "desv_std_final": 343069.2322943368,
    "mediana_final": 48612670.0,
    "max_final": 49427938.0,
    "mejor_hasta_ahora": 47869824.0,
    "mejor_min_observado": 47869824.0,
    "tiempo_total_s": 2.107582958007697
  }
}