{
  "metadata": {
    "algoritmo": "de",
    "problema": "qap",
    "instancia": "tai256c",
    "n": 256,
    "seed": 6
  },
  "resumen": {
    "generaciones_registradas": 100,
    "evaluaciones_totales": 10000,
    "min_final": 47772960.0,
    "promedio_final": 48418201.34,
    "desv_std_final": 313818.53991924116,
    "mediana_final": 48378407.0,
    "max_final": 49189068.0,
    "mejor_hasta_ahora": 47772960.0,
    "mejor_min_observado": 47772960.0,
    "tiempo_total_s": 2.1080760830082
  }
}