{
  "metadata": {
    "algoritmo": "de",
    "problema": "qap",
    "instancia": "tai256c",
    "n": 256,
    "seed": 17
  },
  "resumen": {
    "generaciones_registradas": 100,
    "evaluaciones_totales": 10000,
    "min_final": 48418124.0,
    "promedio_final": 48985725.72,
    "desv_std_final": 241473.82988456864,
    "mediana_final": 48961129.0,
    "max_final": 49725386.0,
    "mejor_hasta_ahora": 48418124.0,
    "mejor_min_observado": 48418124.0,
    "tiempo_total_s": 2.1402646670030663
  }
}