{
  "metadata": {
    "algoritmo": "de",
    "problema": "qap",
    "instancia": "tai256c",
    "n": 256,
    "seed": 7
  },
  "resumen": {
    "generaciones_registradas": 100,
    "evaluaciones_totales": 10000,
    "min_final": 46916222.0,
    "promedio_final": 47551312.3,
    "desv_std_final": 229475.20139925796,
    "mediana_final": 47564003.0,
    "max_final": 48148158.0,
    "mejor_hasta_ahora": 46916222.0,
    "mejor_min_observado": 46916222.0,
    "tiempo_total_s": 2.16010470900801
  }
}