{
  "metadata": {
    "algoritmo": "de",
    "problema": "qap",
    "instancia": "tai256c",
    "n": 256,
    "seed": 5
  },
  "resumen": {
    "generaciones_registradas": 100,
    "evaluaciones_totales": 10000,
    "min_final": 47763244.0,
    "promedio_final": 48453438.66,
    "desv_std_final": 287660.2916038368,
    "mediana_final": 48439446.0,
    "max_final": 49404194.0,
    "mejor_hasta_ahora": 47763244.0,
    "mejor_min_observado": 47763244.0,
    "tiempo_total_s": 2.10838624999451
  }
}