{
  "metadata": {
    "algoritmo": "de",
    "problema": "qap",
    "instancia": "tai256c",
    "n": 256,
    "seed": 20
  },
  "resumen": {
    "generaciones_registradas": 100,
    "evaluaciones_totales": 10000,
    "min_final": 47545010.0,
    "promedio_final": 48243628.28,
    "desv_std_final": 259896.32380732434,
    "mediana_final": 48264906.0,
    "max_final": 48918454.0,
    "mejor_hasta_ahora": 47545010.0,
    "mejor_min_observado": 47545010.0,
    "tiempo_total_s": 2.193921041995054
  }
}