{
  "metadata": {
    "algoritmo": "age",
    "problema": "qap",
    "instancia": "tai256c",
    "n": 256,
    "seed": 20
  },
  "resumen": {
    "generaciones_registradas": 4951,
    "evaluaciones_totales": 10000,
    "min_final": 46621016.0,
    "promedio_final": 46621103.42,
    "desv_std_final": 23.983819545685375,
    "mediana_final": 46621110.0,
    "max_final": 46621110.0,
    "mejor_hasta_ahora": 46621016.0,
    "mejor_min_observado": 46621016.0,
    "tiempo_total_s": 2.4339697910036193
  }
}