{
  "metadata": {
    "algoritmo": "de",
    "problema": "qap",
    "instancia": "tai256c",
    "n": 256,
    "seed": 12
  },
  "resumen": {
    "generaciones_registradas": 100,
    "evaluaciones_totales": 10000,
    "min_final": 47567644.0,
    "promedio_final": 48135836.58,
    "desv_std_final": 216261.75176767528,
    "mediana_final": 48140096.0,
    "max_final": 48628642.0,
    "mejor_hasta_ahora": 47567644.0,
    "mejor_min_observado": 47567644.0,
    "tiempo_total_s": 2.087474249987281
  }
}