{
  "metadata": {
    "algoritmo": "age",
    "problema": "qap",
    "instancia": "tai256c",
    "n": 256,
    "seed": 16
  },
  "resumen": {
    "generaciones_registradas": 4951,
    "evaluaciones_totales": 10000,
    "min_final": 46895712.0,
    "promedio_final": 46902426.0,
    "desv_std_final": 10255.80440531117,
    "mediana_final": 46895712.0,
    "max_final": 46918092.0,
    "mejor_hasta_ahora": 46895712.0,
    "mejor_min_observado": 46895712.0,
    "tiempo_total_s": 2.435202750013559
  }
}