{
  "metadata": {
    "algoritmo": "de",
    "problema": "qap",
    "instancia": "tai256c",
    "n": 256,
    "seed": 15
  },
  "resumen": {
    "generaciones_registradas": 100,
    "evaluaciones_totales": 10000,
    "min_final": 47483776.0,
    "promedio_final": 48355095.78,
    "desv_std_final": 253444.2632502689,
    "mediana_final": 48363821.0,
    "max_final": 49053134.0,
    "mejor_hasta_ahora": 47483776.0,
    "mejor_min_observado": 47483776.0,
    "tiempo_total_s": 2.1734603329969104
  }
}