{
  "metadata": {
    "algoritmo": "de",
    "problema": "qap",
    "instancia": "tai256c",
    "n": 256,
    "seed": 10
  },
  "resumen": {
    "generaciones_registradas": 100,
    "evaluaciones_totales": 10000,
    "min_final": 47936466.0,
    "promedio_final": 48555338.48,
    "desv_std_final": 280158.0304095701,
    "mediana_final": 48536808.0,
    "max_final": 49454830.0,
    "mejor_hasta_ahora": 47936466.0,
    "mejor_min_observado": 47936466.0,
    "tiempo_total_s": 2.1787330840015784
  }
}