{
  "metadata": {
    "algoritmo": "de",
    "problema": "qap",
    "instancia": "tai256c",
    "n": 256,
    "seed": 14
  },
  "resumen": {
    "generaciones_registradas": 100,
    "evaluaciones_totales": 10000,
    "min_final": 47497078.0,
    "promedio_final": 48217335.0,
    "desv_std_final": 378828.29377875145,
    "mediana_final": 48180317.0,
    "max_final": 49601900.0,
    "mejor_hasta_ahora": 47497078.0,
    "mejor_min_observado": 47497078.0,
    "tiempo_total_s": 2.124802042002557
  }
}