{
  "metadata": {
    "algoritmo": "de",
    "problema": "qap",
    "instancia": "tai256c",
    "n": 256,
    "seed": 3
  },
  "resumen": {
    "generaciones_registradas": 100,
    "evaluaciones_totales": 10000,
    "min_final": 47896352.0,
    "promedio_final": 48698649.98,
    "desv_std_final": 335868.17499280814,
    "mediana_final": 48672423.0,
    "max_final": 49486722.0,
    "mejor_hasta_ahora": 47896352.0,
    "mejor_min_observado": 47896352.0,
    "tiempo_total_s": 2.135031625002739
  }
}