{
  "metadata": {
    "algoritmo": "age",
    "problema": "qap",
    "instancia": "tai256c",
    "n": 256,
    "seed": 15
  },
  "resumen": {
    "generaciones_registradas": 4951,
    "evaluaciones_totales": 10000,
    "min_final": 46835942.0,
    "promedio_final": 46854480.98,
    "desv_std_final": 15454.386112673646,
    "mediana_final": 46867364.0,
    "max_final": 46867364.0,
    "mejor_hasta_ahora": 46835942.0,
    "mejor_min_observado": 46835942.0,
    "tiempo_total_s": 2.4547039580065757
  }
}