{
  "test1_budget_monotonic": {
    "budgets": [
      2000,
      10000,
      50000,
      100000
    ],
    "errors": [
      185060769.08962157,
      353.0700119783352,
      0.0,
      0.0
    ],
    "non_increasing": true
  },
  "test2_reproducibility": {
    "fit_run1": 745.8596898540388,
    "fit_run2": 745.8596898540388,
    "error_run1": 45.859689854038834,
    "error_run2": 45.859689854038834,
    "same_fitness": true
  },
  "test3_seed_sensitivity": {
    "fit_seed123": 745.8596898540388,
    "fit_seed124": 744.2723985562412,
    "different": true
  },
  "test4_consistency_raw_eval": {
    "reported_fit": 1100.1698220048047,
    "raw_fit": 1100.1698220048047,
    "abs_diff": 0.0,
    "matches": true
  },
  "test5_full_suite_d10": {
    "num_functions": 30,
    "all_error_non_negative": true,
    "mean_error": 116.52056830446398,
    "median_error": 4.592099660689428,
    "min_error": 0.0,
    "max_error": 429.1057808313608,
    "sample_first5": [
      [
        1,
        100.0,
        0.0
      ],
      [
        2,
        200.0,
        0.0
      ],
      [
        3,
        300.0,
        0.0
      ],
      [
        4,
        402.92245038058655,
        2.922450380586554
      ],
      [
        5,
        503.9798362283732,
        3.9798362283731876
      ]
    ]
  },
  "test6_milestone_integrity": {
    "files": 30,
    "bad_len": 0,
    "bad_nonmono": 0,
    "bad_negative_error": 0,
    "all_ok": true
  }
}