{
  "metadata": {
    "algoritmo": "age",
    "problema": "qap",
    "instancia": "tai256c",
    "n": 256,
    "seed": 7
  },
  "resumen": {
    "generaciones_registradas": 4951,
    "evaluaciones_totales": 10000,
    "min_final": 46741914.0,
    "promedio_final": 46779348.04,
    "desv_std_final": 5347.719999999999,
    "mediana_final": 46780112.0,
    "max_final": 46780112.0,
    "mejor_hasta_ahora": 46741914.0,
    "mejor_min_observado": 46741914.0,
    "tiempo_total_s": 2.434732791996794
  }
}