{
  "metadata": {
    "algoritmo": "age",
    "problema": "qap",
    "instancia": "tai256c",
    "n": 256,
    "seed": 14
  },
  "resumen": {
    "generaciones_registradas": 4951,
    "evaluaciones_totales": 10000,
    "min_final": 46739682.0,
    "promedio_final": 46755394.06,
    "desv_std_final": 2763.1718072533963,
    "mediana_final": 46755880.0,
    "max_final": 46755880.0,
    "mejor_hasta_ahora": 46739682.0,
    "mejor_min_observado": 46739682.0,
    "tiempo_total_s": 2.4387573749991134
  }
}